[{"model": "directory.category", "pk": 1, "fields": {"name": "Event owner", "cat_image": "", "slug": "event-owner"}}, {"model": "directory.category", "pk": 3, "fields": {"name": "Event planner", "cat_image": "", "slug": "event-planner"}}, {"model": "directory.category", "pk": 4, "fields": {"name": "Cake maker", "cat_image": "", "slug": "cake-maker"}}, {"model": "directory.category", "pk": 5, "fields": {"name": "Fashion designer", "cat_image": "", "slug": "fashion-designer"}}, {"model": "directory.category", "pk": 6, "fields": {"name": "Photographer", "cat_image": "", "slug": "photographer"}}, {"model": "directory.category", "pk": 7, "fields": {"name": "Videographer", "cat_image": "", "slug": "videographer"}}, {"model": "directory.category", "pk": 8, "fields": {"name": "Security services", "cat_image": "", "slug": "security-services"}}, {"model": "directory.category", "pk": 9, "fields": {"name": "Master of Ceremony", "cat_image": "", "slug": "master-ceremony"}}, {"model": "directory.category", "pk": 10, "fields": {"name": "Musician", "cat_image": "", "slug": "musician"}}, {"model": "directory.category", "pk": 11, "fields": {"name": "DJ", "cat_image": "", "slug": "dj"}}, {"model": "directory.directory", "pk": 1, "fields": {"category": 3, "business_name": "TBWA Concept", "slug": "tbwa-concept", "track_record": "The Disruption\u00ae Company\r\n\r\n\r\n\r\nWe develop business-changing, culture-defining and award-winning ideas for brands. And we\u2019ve got the hardware to prove it.  \r\n\r\nWe are not a traditional ad agency network \u2014we are a radically open creative collective. We look at what everyone else is doing and strive to do something completely new. Completely ownable. We live and breathe Disruption, and for more than two decades that's been the secret to our clients' unprecedented success.", "email": "oimhoitsike@tbwaconcept.com", "phone_number": "+2348061647936", "business_address": "5 Harold Shodipo Crescent\r\nGRA Ikeja, Lagos.\r\n\r\n\r\nhttps://www.tbwaconcept.com/", "state": "Lagos", "city": "Ikeja", "company_logo": "WlAKiETS_400x400.jpg", "product_image": "directory/default_img.jpg", "created": "2019-07-10T13:49:39.812Z"}}, {"model": "directory.directory", "pk": 6, "fields": {"category": 1, "business_name": "Africa's Talking", "slug": "africas-talking", "track_record": "Powering Communications Solutions Across Africa\r\nWith simplified access to telco infrastructure, developers use our powerful SMS, USSD, Voice, Airtime and Payments APIs to bring their ideas to life, as they build and sustain scalable businesses.", "email": "tanya.alvis@africastalking.com", "phone_number": "+254731896330", "business_address": "7th Floor Galana Plaza, Galana Road, Nairobi Kenya.", "state": "Kenya", "city": "Nairobi", "company_logo": "directory/at.jpg", "product_image": "directory/default_img.jpg", "created": "2019-07-11T12:27:27.302Z"}}, {"model": "directory.directory", "pk": 7, "fields": {"category": 8, "business_name": "Fastrack Security And Safety Limited", "slug": "fastrack-security-and-safety-limited", "track_record": "Fastrack Security And Safety Limited offers consultancy and supply only in the areas of security, which guarantees a high level technical-know-how, professionally efficient, co-ordination and quality services.", "email": "info@fastrackltd.com", "phone_number": "+2348030671310", "business_address": "3, Ramat Crescent, Alhaja Abass Bus Stop, By First Bank, Ogudu, Lagos Nigeria", "state": "Lagos", "city": "Lagos", "company_logo": "directory/16714_company_logo.jpg", "product_image": "directory/default_img.jpg", "created": "2019-07-11T13:18:01.587Z"}}, {"model": "directory.directory", "pk": 8, "fields": {"category": 8, "business_name": "King David Security", "slug": "king-david-security", "track_record": "This security service provider offers security services to individual, corporate bodies and government agencies to protect persons, property and interest.", "email": null, "phone_number": "+2348033023539", "business_address": "PLOT 6, FAAN Complex, Murtala Mohammed International Airport, Ikeja -Lagos, Lagos State, Nigeria.", "state": "Lagos", "city": "Ikeja", "company_logo": "directory/9962_company_logo.gif", "product_image": "directory/default_img.jpg", "created": "2019-07-11T13:24:30.592Z"}}, {"model": "directory.directory", "pk": 9, "fields": {"category": 8, "business_name": "Intellect Security Services International Ltd", "slug": "intellect-security-services-international-ltd", "track_record": "Intellect Security Services International Limited is a security company with experience team of personnel dedicated to providing security solutions, such as event security, private and manned guard security that utilize modern technology trend.", "email": "intellect2018@gmail.com", "phone_number": "+2348073216288", "business_address": "Plot 10, Platinum Way, Jakande First Gate, Igbokusu, Lekki, Lagos Nigeria", "state": "Lagos", "city": null, "company_logo": "directory/74929_company_logo.jpg", "product_image": "directory/default_img.jpg", "created": "2019-07-11T13:30:05.224Z"}}, {"model": "directory.directory", "pk": 10, "fields": {"category": 8, "business_name": "Ashaka Security Company", "slug": "ashaka-security-company", "track_record": "Ashaka Security Company (ASCO) is a licenced security company providing competent and efficient security and guard services, security awareness training and emergency response services, supply of electron security systems like burglary detection & alarm.", "email": "info@ashakasecurity.com", "phone_number": "+2348092366841", "business_address": "39A, Festac Link Road, Amuwo-Odofin, Lagos Nigeria", "state": "Lagos", "city": null, "company_logo": "directory/16659_company_logo.jpg", "product_image": "directory/default_img.jpg", "created": "2019-07-11T13:34:25.687Z"}}, {"model": "directory.directory", "pk": 11, "fields": {"category": 8, "business_name": "August Eye Security Services", "slug": "august-eye-security-services", "track_record": "August Eye Security Services offers professional security services in security guards deployment and training, excort and armed stationary guard, event security management, background and character check.", "email": "info@augusteyeltd.com.ng", "phone_number": "+2348165021946", "business_address": "36 Old Yaba Road, Adekunle Ebute Metta, Lagos Nigeria", "state": "Lagos", "city": null, "company_logo": "directory/16657_company_logo.jpg", "product_image": "directory/default_img.jpg", "created": "2019-07-11T13:38:18.431Z"}}, {"model": "directory.directory", "pk": 12, "fields": {"category": 8, "business_name": "Bemil Nigeria Limited", "slug": "bemil-nigeria-limited", "track_record": "Bemil Nigeria Limited render professional security services in manned guarding, K-9 services, static guarding, electronic management system, personnel escort, event security and more.", "email": "info@bemilnigeria.com", "phone_number": "+2348125725135", "business_address": "1 Bemil Road, Ojodu Ikeja, Lagos", "state": "Lagos", "city": null, "company_logo": "directory/16663_company_logo.jpg", "product_image": "directory/default_img.jpg", "created": "2019-07-11T13:42:22.182Z"}}, {"model": "directory.directory", "pk": 13, "fields": {"category": 8, "business_name": "Chakel Security", "slug": "chakel-security", "track_record": "Chakel Security are into security management & consultancy services including armed police escorts, electronic surveillance, emergency response, uniform guards & guard dogs, event security & training, background checks & private investigation.", "email": "chakel@chakelsecurity.com", "phone_number": "+2349057999933", "business_address": "Plot 1, Thomas Laniyan Street, Anthony Village, Lagos Nigeria", "state": "Lagos", "city": null, "company_logo": "directory/16773_company_logo.jpg", "product_image": "directory/default_img.jpg", "created": "2019-07-11T13:48:17.846Z"}}, {"model": "directory.directory", "pk": 14, "fields": {"category": 3, "business_name": "360eventee", "slug": "360eventee", "track_record": "360eventee is an event service company for event planning, event coordination, training, management, eru Iyawo packaging, ushering services and other services.", "email": "ask@360eventee.com", "phone_number": "+2348055220618", "business_address": "26 Mabo Street, Surulere, Lagos Nigeria", "state": "Lagos", "city": null, "company_logo": "directory/12974_company_logo.jpg", "product_image": "directory/default_img.jpg", "created": "2019-07-11T14:21:19.034Z"}}, {"model": "directory.directory", "pk": 15, "fields": {"category": 3, "business_name": "Connect Events", "slug": "connect-events", "track_record": "Connect Events events management and ticket booking hub that allows you to create, list, sell, share, show talents, services, manage, find and book events tickets that aligns with your passion.", "email": "socials@connectevents.ng", "phone_number": "+2349086801085", "business_address": "30 Bishop Oluwole Street, Victoria Island Eti Osa, Lagos\r\n\r\n\r\nhttp://connectevents.ng/", "state": "Lagos", "city": null, "company_logo": "directory/51198_company_logo.jpg", "product_image": "directory/default_img.jpg", "created": "2019-07-11T14:27:14.967Z"}}, {"model": "directory.directory", "pk": 16, "fields": {"category": 6, "business_name": "Emmanuel Obiakor Photography & Films", "slug": "emmanuel-obiakor-photography-films", "track_record": "For beautiful people that need an awesome photographic experience for personal, corporate and social events.\r\nEmmanuel Obiakor Photography & Films is a creative photographer & cinematographer that specialize in providing wonderful photographic experience.", "email": null, "phone_number": "+2348035564856", "business_address": "No 1 Makinde Lane, Off Cms Grammar School by St Finabarrs Road Akoka, Lagos, Lagos, Nigeria", "state": "Lagos", "city": null, "company_logo": "directory/default_logo.jpg", "product_image": "directory/default_img.jpg", "created": "2019-07-24T11:50:17.126Z"}}, {"model": "directory.directory", "pk": 17, "fields": {"category": 6, "business_name": "Eko Pixel", "slug": "eko-pixel", "track_record": "In businesses not just first impression matters but all impressions. Eko Pixel was founded to give your business a good impression at all times. We provide the following services:\r\n\r\nWeb development\r\nBranding\r\nDigital Marketing", "email": null, "phone_number": "+2348140712523", "business_address": "1 Ologolo Lekki, Lagos, Lagos, Nigeria", "state": "Lagos", "city": "Lekki", "company_logo": "directory/1458565556-10-eko-pixel.jpg", "product_image": "directory/default_img.jpg", "created": "2019-07-24T12:05:57.133Z"}}, {"model": "directory.directory", "pk": 18, "fields": {"category": 6, "business_name": "SLITE", "slug": "slite", "track_record": "SLITE\r\n5.02 Reviews WRITE A REVIEWUPDATE INFO\r\n\r\n \r\nContacts\tMap\tProducts (3)\tReviews (2)\tSend Enquiry\tQ&A\r\n\r\nADD A PHOTO\r\nCOMPANY NAME\r\nSLITE\r\nADDRESS\r\n14, Sawyer Crescent, Gbagada Phase 1, Off Corona School., Lagos, Lagos, Nigeria   View map\r\nPHONE\r\n08182819308\r\nMOBILE PHONE\r\n08068514441\r\nWEBSITE\r\nwww.slitedesigns.com\r\nESTABLISHMENT YEAR 2016\r\nEMPLOYEES 1-5\r\nREGISTRATION CODE RC 1371600\r\nCOMPANY MANAGER Uche Mbadiegwu {Xeno}\r\nE-MAIL\r\nSEND ENQUIRY\r\nSHARE THIS LISTING\r\n2\r\nReviews\r\n5.0\r\n2 ReviewsWRITE A REVIEW\r\n5.09 Jun, 2016\r\nSowemimo Bamidele\r\nExcellent Business Service\r\nREPLY\r\n5.011 May, 2016\r\nChristian\r\nThey really do great work. I love their designs.\r\nREPLY\r\nQuestions & Answers\r\nHave questions? Get answers from SLITE or BusinessList.com.ng users. Visitors haven\u2019t asked any questions yet.\r\nASK A QUESTION\r\n\r\n \r\nCompany Details\r\nLOCATION MAP GET DIRECTIONS \r\nSHOW MAP\r\n14, Sawyer Crescent, Gbagada Phase 1, Off Corona School., Lagos, Lagos, Nigeria\r\nDESCRIPTION\r\nslite is a Design and Digital Agency, located in Lagos. \r\n\r\nWe inspire institutions with designs and digital tools that help them perform and engage better.\r\n\r\nAt the core of what we do is: Simplicity\r\n\r\nWe provide quality at an affordable rate.\r\n\r\nOur service offerings include: Web Design and Development, Web Application; Creative Design and Branding, Motion Graphics (Animation); Digital Marketing.", "email": null, "phone_number": "+2348068514441", "business_address": "14, Sawyer Crescent, Gbagada Phase 1, Off Corona School., Lagos, Lagos, Nigeria", "state": "Lagos", "city": null, "company_logo": "directory/default_logo.jpg", "product_image": "directory/default_img.jpg", "created": "2019-07-24T12:11:32.899Z"}}, {"model": "directory.directory", "pk": 19, "fields": {"category": 6, "business_name": "Purple Crib Studios", "slug": "purple-crib-studios", "track_record": "DESCRIPTION\r\nPurple Crib Studios We are a Lagos Based Multimedia Creative Company . Photography our Core\r\nBusiness Services / Advertising \r\nBusiness Services / Advertising / Photography Services \r\nBusiness Services / Advertising / Photography Studio \r\nBusiness Services / Advertising / Virtual Tour Photography \r\nEntertainment & Media / Photography \r\nEntertainment & Media / Photography / Advertising Photography", "email": null, "phone_number": "+2348180002345", "business_address": "10 Hutt Close Chevron state Satellite town, Lagos, Lagos, Nigeria", "state": null, "city": null, "company_logo": "directory/default_logo.jpg", "product_image": "directory/1525446325-53-purple-crib.jpg", "created": "2019-07-24T12:19:35.258Z"}}, {"model": "directory.directory", "pk": 20, "fields": {"category": 7, "business_name": "Global House of Designs", "slug": "global-house-designs", "track_record": "Global house of Designs is into Arts, Print, Designs and Events. \r\nWe are a group of professionals with in-depth knowledge of art and print media, designs and events. We have worked with notable brands and SMES. \r\n*Our mission*\r\nIs to integrate Arts, designs/Prints into one thereby making our services available without sourcing. We intend to globalize our skills for the development of mankind.\r\n*Our vision* \r\nThe brand will be a global company thereby promoting the aesthetic, culture and heritage of Nigeria.", "email": null, "phone_number": "+2348033609813", "business_address": "44, Pipeline street Ogijo, Ogun state, Quarters 50 Yaba Tech GRA Yaba Lagos , Lagos, Lagos, Nigeria", "state": "Lagos", "city": null, "company_logo": "directory/1546344822-32-global-house-of-designs.jpg", "product_image": "directory/1546344117-30-global-house-of-designs.jpg", "created": "2019-07-24T12:39:20.591Z"}}, {"model": "directory.directory", "pk": 21, "fields": {"category": 3, "business_name": "Winsome Interior & Events Decor", "slug": "winsome-interior-events-decor", "track_record": "Japan has the highest life expectancy in the world. This means that a child born in Japan is expected to live longer than all other children born around the world at that particular moment. The secret to this long life lies in Japan's culture of designing living and commercial spaces.\r\n\r\nWe have this secret at WINSOME INTERIOR & EVENTS DECOR. Contact us today to help you design your spaces to balance your life and increase your well being. We also train interested candidates on how to use this powerful secret in Interior design. It doesn't have to be too expensive but it will always be effective. Contact us: 08068177002, 08035998900 Bbpin: 24E6B721 Email: winsomedecor.ng@gmail.com We are also Event planners, managers and venue decorators.", "email": "winsomedecor.ng@gmail.com", "phone_number": "+2348068177002", "business_address": "Firstview Plaza, #1 Shehu Road, Lakeview Estate phase 2, by Capital Oil, Amuwo Odofin, Lagos, Lagos, Nigeria", "state": "Lagos", "city": null, "company_logo": "directory/1386384921_27418.jpg", "product_image": "directory/default_img.jpg", "created": "2019-07-24T12:45:20.132Z"}}, {"model": "directory.directory", "pk": 22, "fields": {"category": 1, "business_name": "Pleasant Jay Events", "slug": "pleasant-jay-events", "track_record": "Pleasant Jay Events is an event management company that delivers qualitative event management services to corporate and private clients.\r\n\r\nWe create the exceptional and memorable events you wont forget in a hurry. We deliver value beyond clients expectations always.\r\n\r\nCome, experience the X- factor and let's create your fantasy.\r\n\r\nCall now- 09024489401\r\nEmail- pleasantjayevents@gmail.com\r\nwebsite- www.pleasantjayevent.com", "email": "pleasantjayevents@gmail.com", "phone_number": "+2349024489401", "business_address": "12, Babatunde Street Surulere Lagos, Lagos, Lagos, Nigeria", "state": "Lagos", "city": null, "company_logo": "directory/1459616353-80-pleasant-jay-events.jpg", "product_image": "directory/1459616289-58-pleasant-jay-events.png", "created": "2019-07-24T12:52:00.037Z"}}, {"model": "directory.directory", "pk": 23, "fields": {"category": 1, "business_name": "Events Chronicles", "slug": "events-chronicles", "track_record": "We connect you to current and upcoming events in Lagos, Nigeria, Africa and the world, free event listing, we promote event and events/cinema ticket.", "email": null, "phone_number": "+2348050662923", "business_address": "34, Obanikoro street, Obanikoro, off Ikorodu road, Lagos, Lagos, Nigeria", "state": "Lagos", "city": null, "company_logo": "directory/1467124545-27-events-chronicles.png", "product_image": "directory/1467124318-98-events-chronicles.png", "created": "2019-07-24T12:57:16.578Z"}}, {"model": "directory.directory", "pk": 24, "fields": {"category": 10, "business_name": "SHOW GEAR", "slug": "show-gear", "track_record": "Showgear is a one stop shop for Audio visual gears. We have industry popular brands like Yamaha, QSC, Audiotechnica, Behringer, Midas, Shure and so on. We have a physical shop as well as an online shop. Our sales engineers provide professional advice needed when making the decision to procure specialized Audio Visual gears. We offer delivery and pickup services as well as after-sales support. Whatever you dream gear, you can count on us to get it to you!", "email": null, "phone_number": "+2349037748851", "business_address": "18 Little Road, YABA, Lagos, Lagos, Lagos, Nigeria", "state": "Lagos", "city": null, "company_logo": "directory/default_logo.jpg", "product_image": "directory/default_img.jpg", "created": "2019-07-24T13:02:58.885Z"}}, {"model": "directory.directory", "pk": 25, "fields": {"category": 10, "business_name": "Multsol Technology (Music / PA System)", "slug": "multsol-technology-music-pa-system", "track_record": "We have successfully worked with a number of key organizations in Nigeria, giving quality sound and managing events successfully. MULTSOL delight in effective meaningful and visible change through our various service interventions.\r\n\r\nOur firm consists of experienced sound reinforcement engineers and managers that provide excellent design and service support. This support has given us access to latest developments in Sound Engineering and Technology in major events where we provide services to our customers. Also, our use of technology-driven tools further strengthens our service delivery capability.\r\n\r\nThe firm has undertaken a variety of management assignment. Work undertaken with several organizations both indoor and outdoor for Installation, Sound Reinforcement & Engineering, DJ and soft music. includes;\r\n\r\n\u2022\tKiddies Party Planning\r\n\u2022\tConcert Program Coordination\r\n\u2022\tBook Launch\r\n\u2022\tAnniversary Celebration\r\n\u2022\tFuneral Arrangements\r\n\u2022\tSeminar and conferences\r\n\u2022\tCar Shows\r\n\u2022\tHouse Warming\r\n\u2022\tReligious Programs\r\n\u2022\tTraditional Weddings, etc\r\n\r\nwe readily awaits your call", "email": null, "phone_number": "+2348098095242", "business_address": "Wemabod Estate Ikeja, Lagos, Lagos, Nigeria", "state": "Lagos", "city": null, "company_logo": "directory/1415830434-multsol-technology-music-pa-system.jpg", "product_image": "directory/1421928113-87-multsol-technology-music-pa-system.jpg", "created": "2019-07-24T13:08:36.716Z"}}, {"model": "directory.directory", "pk": 26, "fields": {"category": 10, "business_name": "Fos Production Musical Entertainment", "slug": "fos-production-musical-entertainment", "track_record": "Event planner , Recordings , kiddies entertainment , concert , roadshow , weddings , decorations , carnival and musical entertainment for all kinds of event. Best in musical productions.", "email": null, "phone_number": "+2348033189451", "business_address": "29 Ronke street ,itire, Lagos, Lagos, Nigeria", "state": null, "city": null, "company_logo": "directory/1498042983_21038.jpg", "product_image": "directory/1498042986_18706.jpg", "created": "2019-07-24T13:15:26.031Z"}}]